registro;eda_mean;eda_std;percentile_20;percentile_80;quartile_deviation;slope;intercept;hr_mean;hr_std;quartile_deviation;slope;intercept;class
1;0.42897765795111353;0.08329658352191174;0.36315803236067046;0.5433017745511327;0.13965368143249113;-0.004796246150770848;0.5273007040419159;90.147;0.544896524325693;0.8125;-0.17933333333333284;91.13333333333333;4
2;0.8835483324906757;0.007775203422262018;0.8796337297748142;0.8879653908717192;0.005745393315613301;-0.00040059112733081435;0.8917604506009574;86.436;1.3406648433602724;1.9374999999999858;0.439757575757576;84.01733333333334;2
3;0.37428065581079856;0.02128532560525517;0.36316834165011486;0.3853441523002168;0.010541325362382448;-0.001188553684782395;0.39864600634883773;84.119;0.4063783130696465;0.6124999999999972;-0.1341212121212114;84.85666666666667;4
4;0.6660802372967521;0.04355675737637499;0.6206169387571029;0.7150356273112655;0.08205156325590168;-0.002851324924121674;0.7245323982412465;110.879;1.0016591791178857;1.502500000000012;-0.3286666666666676;112.68666666666667;4
5;0.17470136980928389;0.08033028785386179;0.09808686167242248;0.23851696759263585;0.12559861450159976;0.005898271929609482;0.05378679525228949;107.79599999999999;0.7594325366862926;1.0474999999999994;0.24896969696969679;106.42666666666668;4
6;0.8037588605175451;0.005897100454021177;0.8003473020193517;0.8089659525189486;0.007540758660970259;7.963667774288053e-05;0.8021263086238161;77.942;1.2931941505864906;2.012500000000017;0.4227878787878794;75.61666666666665;4
7;0.3787054293787944;0.03375760215969953;0.34751917470568827;0.3968484407549549;0.03839652045674952;0.001383056999585845;0.3503527608872846;89.57300000000001;1.0050212822511653;1.539999999999992;-0.3313333333333331;91.39533333333334;1
8;0.8293192785161982;0.015245966563570499;0.8156788868207647;0.8451913379305821;0.01824844002394299;0.0007786825904452128;0.8133562854120714;101.689;0.17552777557982283;0.22750000000000625;-0.05315151515151599;101.98133333333332;4
9;0.32330205004454593;0.11466817080153288;0.204306662457999;0.4418665939488573;0.21770376706891825;-0.006965273241826129;0.4660901515019816;110.976;0.7882639151959215;1.0350000000000108;0.2596363636363643;109.548;4
10;0.8038305237892915;0.005141799396249067;0.7974751658877222;0.8075287634007796;0.007899495414335322;0.0002839011453341804;0.7980105503099411;83.297;1.4868837659122276;2.2549999999999955;0.49060606060606;80.59866666666667;4
11;0.44360163164455013;0.005702677824929758;0.4390638099312928;0.4475857387986562;0.007185089992535698;0.0003665233682379534;0.4360879025956721;86.516;0.5390567894222499;0.8225000000000051;-0.1773333333333338;87.49133333333333;4
12;0.8435372098362537;0.007050334808566012;0.8330083554039538;0.8487622686684652;0.008927121854424125;8.32529768858195e-05;0.8418305238100946;102.016;0.5491245557956574;0.8399999999999892;0.17309090909090918;101.06400000000001;4
13;0.23060874238657614;0.19713247928601332;0.10256741183743837;0.35765563510103615;0.2162560258347451;0.011037009999085435;0.004350037405324719;115.662;1.416865084144099;2.1950000000000074;0.46678787878787853;113.09466666666665;4
14;0.8013888437353913;0.006505280697162435;0.7974751658877222;0.806092695334965;0.006104410332067101;-3.0049145820469286e-05;0.802004851224711;87.912;0.9139146568471289;1.397500000000008;0.30072727272727373;86.258;2
15;0.4415664347749949;0.017341519425061815;0.4284021790051151;0.457177540530458;0.024433945918776068;-0.0009675522587969263;0.4614012560803319;85.055;0.26713500540196944;0.332499999999996;-0.087454545454545;85.53599999999999;4
16;0.8516373701386554;0.005116261364887822;0.8466619382241282;0.8555888550882689;0.007483375288011351;0.00021158077876339538;0.8472999641740058;105.879;1.4107874081912943;2.325000000000003;0.46442424242424224;103.32466666666666;2
17;0.31120478405985774;0.15013427682904368;0.2236847757670391;0.35765563510103615;0.0977714450610101;-0.006720778991753082;0.4489807533907959;118.012;0.9542745936050043;1.4074999999999989;0.31466666666666604;116.28133333333332;4
18;0.7901134953403459;0.01071510198024011;0.7802389859408825;0.8020708079088001;0.019390282045561813;-0.0008552110889316386;0.8076453226634446;89.327;0.5292562916227068;0.7549999999999955;0.1738787878787871;88.37066666666666;4
19;0.4581598412724233;0.029166388225288834;0.4284021790051151;0.48153462713900064;0.05044088749358194;0.0021167055820351596;0.41476737684070253;84.531;0.2832921538702473;0.42250000000001364;-0.09339393939393913;85.04466666666667;4
20;0.856796750084046;0.005392374290141945;0.8528583025164606;0.8608402961699615;0.003938478316127814;0.00031802934848580564;0.850277148440087;108.377;1.1025833301841643;1.6325000000000074;0.36272727272727295;106.38199999999999;2
21;0.3084035296776447;0.17267363395606442;0.21602942082879628;0.35478508712129003;0.11423474466896899;-0.011005797603691065;0.5340223805533115;121.24000000000001;1.2977073801302197;1.8575000000000017;-0.42763636363636287;123.592;4
22;0.7840089168504258;0.007219971355988258;0.7773657287568989;0.7931658406379236;0.01436404381521017;-0.0004717430372505689;0.7936796491140625;91.652;0.8626419367913367;1.4149999999999778;-0.2745454545454543;93.162;1
23;0.4411923979591669;0.010123264249247938;0.43251297301091873;0.4493195276252995;0.013947317309841167;-0.0006844330261150099;0.4552232749945247;86.182;0.23827155376446732;0.29249999999998977;0.07660606060606087;85.76066666666665;2
24;0.8129089453659896;0.018327364470067165;0.7937286092639209;0.8279669883647514;0.03058906007855211;-0.0013070639297851124;0.8397037559265844;110.907;0.6454464432554496;0.9999999999999858;-0.21290909090909071;112.07799999999999;2
25;0.3328352894922143;0.10478024857096627;0.24354140712696798;0.4122010896464906;0.11602918735980183;0.004362100086842056;0.24341223771195214;109.151;3.011778544315635;4.509999999999991;-0.9918181818181822;114.606;4
26;0.7781559585614208;0.0036503902931194427;0.7756424470779211;0.7816750540066972;0.004309325249798435;-0.0001913308255847887;0.7820782404859091;87.024;0.7663941544662235;0.9575000000000102;-0.25054545454545407;88.402;4
27;0.41905439193641025;0.022921373146808168;0.40052161706311623;0.43631615509553756;0.02712546834777485;-0.001447552940246541;0.4487292272114644;87.313;0.07732327520798095;0.04999999999999716;0.021636363636364113;87.194;2
28;0.823398492911436;0.005115179905296277;0.8183048123518945;0.826811909115508;0.006958292676927047;0.00018739234837191778;0.8195569497698116;105.13;1.1223190277278547;1.6799999999999926;-0.37018181818181783;107.166;2
29;0.29102902393150587;0.11289516712152635;0.1820576276188218;0.37846948933793795;0.17583787352704414;-0.005772152767294061;0.40935815566103406;71.19;0.06359594676112823;0.08249999999999602;-0.01648484848484839;71.28066666666665;4
30;0.816219077172123;0.006006074104879431;0.8104020205847634;0.8218928072159898;0.010054718565411735;5.093647550104011e-05;0.8151748794243519;83.158;0.47036156305548593;0.5825000000000102;-0.15442424242424238;84.00733333333332;4
31;0.45788684333463286;0.010201017515949165;0.44585199364207556;0.46830744553824605;0.018421615458241447;0.000867837959100319;0.4400961651730763;84.554;0.1633809454414233;0.25;0.05381818181818179;84.258;4
32;0.8814778569495806;0.0023400281955772476;0.8792197249850358;0.8839459809605024;0.0043323671457971;0.00018699898240207819;0.877644377810338;78.046;1.0295975481279644;1.167500000000004;-0.31284848484848576;79.76666666666668;4
33;0.21785328061292153;0.04185874411832779;0.19952166872430677;0.25406749682015245;0.03438974940372022;0.0018244463913996722;0.1804521295892283;71.04599999999999;0.09697651491182899;0.14000000000000057;-0.03175757575757538;71.22066666666666;4
34;0.8306543918907557;0.011411321370019906;0.8233288752818047;0.8379801327101778;0.012926854697041135;0.0005359986873970244;0.8196664187991167;81.83;0.37360109445473916;0.5575000000000045;-0.12290909090909134;82.506;4
35;0.48285242040776266;0.005913015726056998;0.4775356503285681;0.4881621486893577;0.008424228019738411;0.000502795921582143;0.47254510401532884;84.527;0.20795565766661997;0.39000000000000057;-0.06769696969697031;84.89933333333333;4
36;0.8885540907860967;0.002148707030776442;0.8860467213854062;0.8903527472797788;0.003282304418770421;0.0001409378195473534;0.8856648654853759;76.158;0.8052025280083948;1.2824999999999989;-0.2599999999999997;77.58799999999998;4
37;0.4113041718107669;0.096988324378729;0.3416273349234129;0.4605267434063688;0.09659055888741763;0.0017556552121340652;0.3753132399620186;72.072;0.5743556776462165;0.8624999999999972;0.18787878787878806;71.03866666666667;4
38;0.8385902934802959;0.021415268844189157;0.8187323364188432;0.857801235175484;0.03231825779495734;0.0016043816674102364;0.8057004692983861;79.538;1.3829180099421001;1.7150000000000034;0.45406060606060566;77.04066666666667;2
39;0.47496942276802034;0.032579833499176855;0.45130505252798897;0.5002356764105129;0.036074173819731936;-0.0014475781447550171;0.5046447747354982;93.855;0.20700241544484316;0.3049999999999926;-0.06369696969696938;94.20533333333333;4
40;0.9151650889247849;0.010558307943431612;0.9064218536041391;0.9248012824192133;0.01549132071139836;0.0006269052462297905;0.9023135313770742;73.335;0.5893169303901296;0.8575000000000017;-0.19303030303030308;74.39666666666666;4
41;0.36300870559186266;0.060734406467528895;0.3124405354471305;0.42033496263562226;0.09838500157825047;-0.004091780924582002;0.44689021454579364;73.42699999999999;0.5317695825156682;0.8075000000000045;0.17375757575757544;72.47133333333333;4
42;0.8515532740894532;0.010517658694764826;0.8477465166100722;0.857801235175484;0.00861865049959698;-0.0007289629262244451;0.8664970140770543;83.253;1.7939778891242406;2.832499999999982;0.5904848484848484;80.00533333333334;4
43;0.452028624525129;0.017589544073500617;0.43670761353697696;0.46875488899998063;0.028873308017070165;-0.000636165040497145;0.46507000785532043;93.183;0.3473087003421204;0.5474999999999852;-0.11448484848484823;93.81266666666666;4
44;0.9290285612961945;0.011592980267375876;0.9211253966561984;0.9361440507719934;0.011946936215223358;-1.93062002707224e-05;0.9294243384017443;72.378;0.21601440281199266;0.045000000000001705;-0.05927272727272668;72.70400000000001;4
45;0.2149226610609205;0.05794380662294045;0.1543061955200102;0.2803833747662976;0.09659055888741758;-0.0037158736794008114;0.29109807148863714;75.969;0.270244745040901;0.42249999999999943;0.05678787878787796;75.65666666666665;4
46;0.7870253043937405;0.005384048466321374;0.7831111220725119;0.791729772572109;0.008618650499597091;0.00021383169243904623;0.7826417546987401;95.481;1.1427398848576344;1.740000000000009;0.37690909090909025;93.408;4
47;0.41521705986281265;0.030046886858782772;0.38465043152026507;0.4442020731707184;0.04944624722954394;-0.0006736439704933275;0.4290267612579259;86.652;0.5617393622589666;0.5849999999999937;-0.1613333333333331;87.53933333333335;4
48;0.9412640930819879;0.0031810825010602614;0.9385594922800657;0.9444411554892298;0.005776626187918632;-0.00023419389920917698;0.9460650680157762;68.987;0.41163765079928466;0.75;0.13024242424242344;68.27066666666667;4
49;0.2411487468318258;0.05283738967270217;0.1894744706324022;0.26698598999258505;0.07296653175271714;0.0013945600634494605;0.21256026553111185;73.699;0.4466529848650851;0.6375000000000028;-0.13690909090909129;74.452;4
50;0.7564309448565558;0.04023481865465055;0.7314025822319928;0.7658749421256723;0.02621384746289057;-0.0018299352978008387;0.793944618461473;97.449;0.5603262938284754;0.7949999999999875;-0.1696363636363636;98.382;2
51;0.4452682149741806;0.0072706488854354856;0.4390007066907885;0.45228380780674426;0.011010996885997049;-0.00017653543959163465;0.4488871914858091;87.689;0.41653197823083116;0.6699999999999875;0.13727272727272757;86.934;4
52;0.9245124511098174;0.002760237273343849;0.9221757668686504;0.9266918668055133;0.003282406913912128;0.0001007879149605228;0.9224462988531267;69.31099999999999;0.15423286866870398;0.16500000000000625;0.0501212121212121;69.03533333333333;4
53;0.28938437494746955;0.0661980517511416;0.24784732248418487;0.30167537350369733;0.038875622661807996;0.002921869721049213;0.22948604566596062;73.497;0.19379542478259648;0.29750000000001364;0.060303030303030754;73.16533333333334;2
54;0.7574362765815527;0.017574153218527244;0.7423187174264227;0.7716203354412855;0.023340870541995185;0.0008727186455764321;0.739545544347236;95.997;0.8854760176186466;1.2850000000000108;-0.2924242424242424;97.60533333333333;1
55;0.44193347073390704;0.004717539932797048;0.4390006848557573;0.4450689457490087;0.005313309226730956;5.3660378060961834e-05;0.4408334329836573;88.367;0.27252115106497304;0.3774999999999977;0.08975757575757586;87.87333333333333;4
56;0.9256808854760283;0.0019100772372349522;0.9238559492280065;0.9271116869060405;0.0027568118271192876;-1.0489925854437673e-05;0.9258959289560443;69.673;0.2375827341276209;0.24750000000000227;0.07654545454545486;69.25199999999998;1
57;0.31127421773878744;0.09109958161777416;0.2210529264871508;0.3854068804246522;0.11602825348382434;0.00261036908113742;0.2577616515754703;74.098;0.1974729236010767;0.18000000000000682;0.06363636363636459;73.74799999999999;4
58;0.8129514057435997;0.07370248894708575;0.753809504057649;0.8761867179959171;0.10090368030277386;-0.0021794570218467675;0.8576302746914586;89.062;1.2816205019861036;2.047499999999985;-0.42278787878787893;91.38733333333333;2
59;0.4322088328597133;0.01739998899681667;0.41766386344895445;0.45217196877634186;0.030481212429416926;-0.001126748983422443;0.45530718701987344;91.219;0.3851824964293625;0.5524999999999949;0.12636363636363648;90.52400000000002;2
60;0.947237468943972;0.010561709946567589;0.9403451216412342;0.9560990349057454;0.013521876563050816;-0.00022763720999624578;0.951904031748895;72.915;0.7640426107954391;1.1350000000000051;0.25;71.54;4
61;0.33633403249514854;0.0999369526865358;0.2210529264871508;0.43133994393008634;0.16357654888000261;0.004335958830738077;0.247446876465018;74.32000000000001;0.22642143596989067;0.3499999999999943;0.07284848484848544;73.91933333333334;4
62;0.7871688831740131;0.06072005580578981;0.7426061552500565;0.837979684289236;0.07648659950068337;-0.0038429853483694485;0.8659500828155868;87.894;1.1379533284708034;1.625;-0.3740606060606064;89.95133333333332;2
63;0.4260916123674927;0.014446500158388583;0.4146156930771925;0.43818973179266807;0.0207286502795484;-0.0001181931474142538;0.42851457188948494;91.69;0.5545168066784714;0.7749999999999915;0.1802424242424244;90.69866666666665;2
64;0.9480120657280845;0.00895294838382446;0.9421307510024025;0.9554688127782742;0.009846298285461241;-0.000317639636188936;0.9545236782699578;73.78;0.9917324908125855;1.4499999999999886;0.32569696969696993;71.98866666666667;4
65;0.42867858416930804;0.05714247800850216;0.3863642900768207;0.48205744084362634;0.08433016811635347;0.001462900599372818;0.39868912188216526;74.715;0.04169998667732167;0.03999999999999204;0.007818181818181858;74.672;4
66;0.7413132455698814;0.017575966782108286;0.7279548978216832;0.7517983361340959;0.01687716293038599;-0.000757520104901392;0.7568424077203599;85.352;0.7535663356481789;0.9850000000000136;-0.2453333333333337;86.70133333333334;2
67;0.3930794850819245;0.02876260426341666;0.36084725598615575;0.41953741831105373;0.04212818189629164;-0.0018777613624474867;0.43157359301209797;93.984;1.2806786395414629;1.8624999999999972;0.4167272727272721;91.692;4
68;0.9536703407758472;0.0170893913932424;0.9348836065170509;0.9739536065990471;0.037940934099723655;-0.0007792754854189155;0.9696454882269351;77.045;1.2677122877232214;2.1225000000000023;0.40357575757575737;74.82533333333333;4
69;0.3487444037482047;0.03730262164362969;0.3045461082586389;0.37870856158818683;0.05143485374568313;-0.002185425900657413;0.3935456347116817;74.459;0.07109461614246312;0.030000000000001137;-0.01666666666666589;74.55066666666669;4
70;0.8247653637422522;0.009359647194438237;0.8158602002872136;0.8319475257814015;0.01436404381521017;-0.0001746232544239443;0.828345140457943;81.919;0.9214776780319245;1.4050000000000153;-0.30357575757575683;83.58866666666667;2
71;0.3608400340495478;0.05402784938958148;0.3064470004289491;0.42088691058652933;0.0963747788793673;-0.0033539632259101415;0.42959628018070567;97.07300000000001;0.13199747472332019;0.17249999999998522;-0.04054545454545488;97.296;2
72;0.9316411009618144;0.0017104694121380557;0.9301577605221512;0.9327832760727142;0.002625515550563007;8.596334841420946e-05;0.9298788523193232;77.68599999999999;0.11936870984009454;0.18500000000000227;0.015030303030303312;77.60333333333332;4
73;0.3197073746318194;0.053742722744694195;0.28205762761882175;0.33612493766377854;0.048744357054405774;-0.0003531276797794572;0.3269464920672983;74.355;0.07806692285753912;0.14000000000001478;-0.02248484848484983;74.47866666666667;4
74;0.7955356051832977;0.03511195914326703;0.7555330099470976;0.8307977744868663;0.06355834348819922;-0.0026274826506263657;0.8493989995211383;80.655;0.3666136325282456;0.4450000000000074;-0.10866666666666647;81.25266666666667;4
75;0.35324301254433466;0.033844517155492734;0.32915410106104054;0.3779881704350837;0.04050761316578155;0.0025115290148251873;0.3017566677404183;96.744;0.19563003632139783;0.29000000000000625;-0.06448484848484874;97.09866666666667;2
76;0.9341617024853022;0.003494830836129861;0.9316278688390169;0.9386645293013111;0.005382737358249234;0.00018950767118254032;0.9302767952260601;78.033;0.2671682782234594;0.5175000000000125;0.08466666666666599;77.56733333333334;2
77;0.34336168269509143;0.09672599592369917;0.29114853670973084;0.3437802926020215;0.03409137602889789;0.005255297705837471;0.23562807972542327;74.425;0.08922505876216115;0.0799999999999983;0.019090909090909557;74.32000000000001;4
78;0.7418877849014427;0.00615602381094967;0.7357119074817913;0.7460529428184827;0.008976546463696389;-0.0003807745814280239;0.7496936638207172;80.33;0.13654466098842893;0.08249999999999602;-0.033939393939394685;80.51666666666667;1
79;0.3820187889352725;0.010725130892472777;0.37485750731500844;0.38716185315220886;0.011494342597973495;-5.4397320609460246e-05;0.38313393400776646;96.321;0.1142560477368461;0.16250000000000853;-0.035939393939393896;96.51866666666666;2
80;0.9363934624498799;0.0023095656677226263;0.9348836065170509;0.9386645293013111;0.0023632304828750117;-8.300683470680243e-05;0.9380951025613692;78.282;0.21254019227744397;0.23749999999999716;-0.05551515151515089;78.58733333333333;2
81;0.4686906171612786;0.020590267018133622;0.45023991273862873;0.48373225402173703;0.023923801323489036;1.537049475932842e-05;0.46837552201871235;73.048;0.24647740486931305;0.2600000000000051;-0.07987878787878792;73.48733333333332;4
82;0.6896764811063442;0.022163603486873042;0.6693521102128991;0.7118677965379662;0.036267444975947916;-0.0017858712097574838;0.7262868409063727;80.32900000000001;0.4350849214680839;0.6150000000000091;0.14321212121212118;79.54133333333334;2
83;0.3257185826924842;0.05098490055951144;0.2765938180877687;0.3775298312927223;0.08735625589477614;0.0026788019562964806;0.2708031425884064;94.989;0.4768286438077694;0.7250000000000227;-0.15727272727272765;95.85400000000001;2
84;0.9450056987298802;0.0019539810686505787;0.9427605631493066;0.9469616340185476;0.0026259255311298357;0.00015630628338986213;0.9418014199203881;75.513;0.5277425719252002;0.7075000000000102;-0.17218181818181902;76.46000000000001;4
85;0.4690793663838268;0.020625267579071523;0.45023991273862873;0.48468929012351447;0.028110133861782627;0.000469265319838558;0.45945942732713635;72.957;0.27644770451811285;0.3674999999999926;-0.08927272727272756;73.44800000000001;2
86;0.685223801286744;0.020604125992298626;0.6693521102128991;0.7087082225827028;0.03662758304475566;-0.0015670534634516014;0.7173483972875018;80.47800000000001;0.46149033937162;0.6599999999999966;0.1518787878787878;79.64266666666666;2
87;0.33403876132924243;0.05470011935904866;0.2765938180877687;0.38479578732373804;0.08135757232881419;0.003511152264469036;0.2620601399076272;94.843;0.44733904616322395;0.7174999999999869;-0.1470909090909094;95.65199999999999;2
88;0.9455702009724739;0.0016242308021974117;0.9438109333617586;0.9469616340185476;0.002625515550563118;0.00012571496418762294;0.9429930442066277;75.355;0.4655283736429714;0.6349999999999909;-0.15084848484848598;76.18466666666666;4
89;0.6333597775880973;0.17784097216389705;0.47942652543971553;0.786613074637236;0.2708835680786249;0.00981124039688587;0.4322293494519369;72.061;0.18284480365113664;0.2224999999999966;0.05242424242424306;71.77266666666665;2
90;0.6776469167136575;0.016985483441222016;0.6592973916474874;0.6929081107016779;0.030882189729142584;-0.0003536942262230253;0.6848976483512296;81.37;0.23701851779508384;0.39750000000000796;-0.07709090909090943;81.79399999999998;2
91;0.3994277256642298;0.01900461307162647;0.38411368278044666;0.4198242869524879;0.03362725832905461;-0.0012464241272586475;0.42497942027303215;93.428;0.3855674029559838;0.5150000000000006;-0.12606060606060596;94.12133333333333;1
92;0.9588953791090302;0.0025725896094969383;0.9569393310757068;0.9606152168387218;0.0027568118271193987;0.00013552269160903532;0.9561171639310448;74.251;0.7211942256501439;1.0174999999999983;-0.224060606060606;75.48333333333332;2
93;0.570345235271375;0.10628805688863308;0.4294361443622842;0.6504888840742395;0.11782269617465724;-0.006478407163191087;0.7031525821167923;72.309;0.16676330531624559;0.3124999999999858;-0.05375757575757501;72.60466666666667;4
94;0.6761748068146531;0.013906773859718944;0.6679158179366134;0.68572664932025;0.016159128897478725;1.3475869580487047e-05;0.6758985514882532;81.003;0.18074229659318378;0.32500000000000284;0.0588484848484855;80.67933333333333;1
95;0.3858230327482891;0.011274994401854185;0.38380607085926194;0.3925309781777422;0.006886250295182306;-0.00047677157527519913;0.3955968500414307;90.381;0.7685260062107344;1.1374999999999886;-0.2525454545454546;91.77;1
96;0.9668773625130168;0.0018206365038139463;0.9657616208991694;0.9679669883647514;0.0017064416146672645;7.049704305554146e-05;0.9654321731303782;70.595;0.38012424869303574;0.5774999999999864;-0.12478787878787899;71.28133333333334;1
97;0.6003890994260399;0.05203808222392376;0.5523930571924326;0.6409093710718843;0.06130382160727521;0.00332403447500063;0.532246392688527;71.426;0.27540676986757134;0.40500000000000114;-0.08787878787878814;71.90933333333334;4
98;0.712658082395106;0.06016786756553764;0.6627448518473261;0.7635763363784852;0.08618117999728714;0.00383530477260571;0.6340343345566889;82.003;0.5090524967470885;0.6949999999999932;0.1643030303030303;81.09933333333333;2
99;0.319430669572327;0.009435986651698444;0.31481654261275577;0.32773611229232563;0.009647699411971633;-0.00021020532416231232;0.3237398787176545;86.003;0.7291402852370406;1.1074999999999875;-0.237636363636363;87.31;1
100;0.9677832453241716;0.002020032293948355;0.9663918430266406;0.9691223955984486;0.002100740424903824;4.1971972066984044e-05;0.9669228198967985;68.328;0.23714974172450592;0.2674999999999983;-0.06593939393939383;68.69066666666667;4
101;0.6410888620347664;0.026881175384402378;0.6150723847270188;0.670335429573611;0.04515547167273992;-9.336026479802785e-05;0.643002747463126;71.31400000000001;0.23707476551595086;0.2674999999999983;0.0666666666666658;70.94733333333333;4
102;0.7088158996613302;0.0610953889283463;0.6569992343212421;0.760416762423222;0.09264488760889633;-0.003373006338528865;0.7779625296011718;83.46000000000001;0.6807838619317187;0.9950000000000045;0.22399999999999964;82.22800000000001;2
103;0.2940648891277156;0.017156134446679773;0.276621788762885;0.30315541312807237;0.018822097226372403;-0.0012913150262295393;0.3205368471654212;84.941;0.2787850625681216;0.32750000000000057;-0.09121212121212137;85.44266666666667;1
104;0.9714854723386112;0.003280985323914947;0.9695425436834294;0.9737436145526701;0.0027572218076863386;0.00021222351752834536;0.96713489022928;69.833;1.565191149135892;2.680000000000007;0.5086666666666669;67.03533333333333;4
105;0.5020937499416328;0.05906585996391089;0.44832565375987815;0.5196173723344846;0.051434853745683184;0.0013160175019081123;0.4751153911525166;74.968;0.5372315867275294;0.7674999999999983;0.1762424242424246;73.99866666666667;2
106;0.5728292222475082;0.01736719320899584;0.5587524480980787;0.586330560223493;0.022981573262453092;0.0006125413237407639;0.5602721251108226;82.583;0.22465034559906244;0.2574999999999932;-0.05303030303030295;82.87466666666667;2
107;0.28257658937465885;0.03376422185903493;0.24822795073973258;0.303510712757652;0.04734298783799673;0.0013832481687671542;0.2542200019149322;84.34100000000001;0.17697771360007875;0.28999999999999204;-0.055818181818181954;84.64800000000001;1
108;0.9697131365973253;0.0012883923853402887;0.9689123215559582;0.9711176890215403;0.0011815639938667077;-9.210178822138461e-06;0.9699019452631791;80.181;1.5767649722700536;1.9599999999999937;0.5090303030303034;77.38133333333333;4
109;0.49093944187836086;0.06272068096140522;0.44378066615241235;0.5196173723344846;0.06997579393466236;-0.0005450098452779858;0.5021121437065594;75.482;0.46482493717766815;0.7325000000000017;0.15333333333333368;74.63866666666667;4
110;0.5746246156191741;0.012055065866591939;0.564497841413692;0.5848944921576784;0.017595196963293258;-0.0001395942594354124;0.5774862979376001;82.375;0.1654791024067199;0.1600000000000108;-0.03521212121212114;82.56866666666667;1
111;0.29439687440260714;0.0162027796419676;0.2879625328330636;0.3032870565318786;0.00919333970406766;0.0005047284037862149;0.2840499421249898;84.255;0.15450638246435952;0.27249999999999375;-0.028424242424243445;84.41133333333335;1
112;0.9693061591380568;0.001302415765891674;0.9684921734709774;0.9700677287896554;0.0010503702124520231;-5.379325789188405e-05;0.9704089209248403;82.192;2.452267884587199;3.7275000000000063;0.7956363636363637;77.81599999999997;4
113;0.4021235172384167;0.035943336785643695;0.3744020859053835;0.4418665939488573;0.048145976021800374;-0.002262066018415635;0.4484958706159372;84.164;1.6013896742794642;2.405000000000001;0.5288484848484848;81.25533333333333;4
114;0.5346580061635459;0.03459724604300234;0.498713368213009;0.563636200574203;0.056376882106771276;-0.0021298684382804953;0.578320309148296;83.985;0.1465340309355531;0.09499999999999886;0.03133333333333326;83.81266666666667;2
115;0.281366423704634;0.0058548389211512475;0.2765250595741535;0.2854177472732686;0.007830014936253238;-0.00022960513499257338;0.28607332897198173;87.047;0.4078139554039577;0.6375000000000028;0.13278787878787843;86.31666666666666;2
116;0.9794674044950269;0.0018222288483993976;0.9778396484006657;0.9812004230999449;0.0026255155505628958;5.438815277078994e-05;0.9783524473632258;101.765;1.9958025397763626;2.9150000000000063;0.6590909090909092;98.14;1
117;0.2366331996645518;0.05713754018860165;0.20191407220355514;0.27201005597652617;0.041566586291074153;-0.003939174901966414;0.3173862851548633;97.544;0.16661332479726595;0.1250000000000142;0.04824242424242412;97.27866666666667;2
118;0.5958826269395607;0.023564777533184148;0.5676583122108385;0.6210903579408062;0.04704047783735543;-0.0017990781740030869;0.6327637295066241;83.94;0.12675435561220924;0.17000000000001592;0.0031515151515152137;83.92266666666666;2
119;0.4110104373633195;0.017951862020370957;0.3997665616801969;0.4211314629372723;0.017776635926945672;0.0003859544875535487;0.4030983703684718;104.364;0.6176334763523692;0.9775000000000063;0.20339393939393985;103.24533333333332;2
120;0.9657746070336266;0.003795874842176928;0.9631356953680397;0.9706975409365596;0.004332367145797322;-0.0002159132657112048;0.9702008289807063;93.633;0.05716448003592954;0.09250000000001535;0.015818181818182935;93.54599999999999;4
121;0.8799006884228254;0.005276570143056688;0.8739492608659949;0.8830686247617316;0.00517512828486999;-0.00035906323579756855;0.8872614847566757;86.913;0.6647982149996098;0.9249999999999972;0.21739393939393958;85.71733333333333;2
122;0.8545207714428481;0.002594156052154202;0.8538745663766004;0.8560895917423993;0.0018460944733806883;-0.00013464970105703437;0.8572810903145174;74.62;1.4475726809617082;2.200000000000003;-0.47660606060606064;77.24133333333334;2
123;0.4956742675925424;0.02624254616122254;0.48268058159302113;0.5122764296534168;0.02468659311725685;-0.0005577367437820211;0.5071078708400738;106.331;0.20925529330886122;0.18500000000000227;-0.0658787878787879;106.69333333333333;4
124;0.8217257383297886;0.018148094992782193;0.8114400256898013;0.8269382911962029;0.010608563171135232;-6.45549226209107e-05;0.8230491142435171;73.988;0.22567429824614002;0.10500000000000398;0.026666666666666616;73.84133333333332;4
125;0.4243676717759308;0.044594676471369256;0.38491571723341467;0.4501587727283052;0.05347283129993585;-0.0010849193325826517;0.44660851809387525;90.19;0.1699019324983315;0.09250000000001535;-0.03248484848484814;90.36866666666666;4
126;0.8150836142555358;0.011887263125602137;0.8040599678301479;0.8232475422607313;0.017065933796920896;0.0003165609508810069;0.8085941147624749;75.537;0.23480724955683263;0.30000000000001137;-0.07436363636363652;75.94600000000001;4
127;0.4107103998539378;0.06146321930024723;0.3667586689472866;0.4638264620631457;0.08329092842079883;-0.0030849555737605698;0.4739519891160294;89.604;0.08016649341630669;0.09500000000001307;0.015515151515152047;89.51866666666666;2
128;0.830351153953047;0.009398102578889173;0.8210339569062222;0.8380076579800385;0.013837788488261782;0.0005483240136820324;0.8191105116725655;78.259;0.3561351179288871;0.4625000000000057;0.11654545454545458;77.618;4
129;0.43599611978670727;0.02075894472271121;0.4225210488522064;0.45032663066362194;0.022448596510232177;0.001395187154363;0.40739478312226585;88.871;0.42458999831209515;0.6150000000000091;-0.13981818181818118;89.63999999999999;4
130;0.8346411275864403;0.0016011987338261655;0.8339494181634384;0.8357940726255294;0.0018446544620910332;-1.747844097094e-05;0.8349994356263445;82.053;0.9913408428319016;1.5550000000000068;0.32563636363636345;80.262;2
131;0.4369056396422525;0.02972403578710606;0.43169627803528904;0.45032663066362194;0.01646650091987728;-0.0009473032441587404;0.4563253561475067;88.414;0.4679553634933812;0.597500000000025;-0.15284848484848496;89.25466666666668;2
132;0.8544288267220015;0.04502846064127634;0.8339494181634384;0.8435427733753433;0.002305818077613764;0.0024691219770532633;0.8038118261924095;83.011;1.041904772786628;1.522500000000008;0.3434545454545454;81.12200000000001;4
133;0.3612105557875389;0.08718452912797142;0.28071271701851463;0.43628400182403;0.1328526436205249;-0.002996812495635594;0.4226452119480686;87.135;0.2430020576044604;0.4449999999999932;0.07848484848484955;86.70333333333335;4
134;0.8903141600630149;0.025520829759149304;0.8741700854934703;0.9136543310499554;0.02998211505978199;-0.0017010241427835003;0.9251851549900768;86.588;0.8822043099217141;1.3274999999999864;0.29103030303030364;84.98733333333334;4
135;0.4208725260282445;0.0409036031122805;0.3834142120592146;0.4566653097094656;0.057512035715346466;0.0011866932738297945;0.3965453139147337;86.656;0.14561745927066724;0.1250000000000142;-0.037575757575757686;86.86266666666667;2
136;0.8807663452081465;0.049884140597311916;0.8243543349379858;0.9269375711905581;0.09317377048236064;0.0037064755878492834;0.804783595657236;83.373;0.1637783054416334;0.21750000000000114;0.037030303030302684;83.16933333333334;2
137;0.47805914316888526;0.03159936342392811;0.4514063288949767;0.5071853941320046;0.04699530801472501;0.002202796039492224;0.4329018243592947;85.326;0.6560691020515041;1.0200000000000244;-0.21066666666666697;86.48466666666666;2
138;0.9334415981821298;0.0240430032433256;0.9143919048325337;0.9579346782078773;0.037361452913790894;-0.0007755625231869177;0.9493406299074616;84.231;0.2975249756089551;0.457499999999996;0.09521212121212022;83.70733333333334;2
139;0.39231219501222137;0.05071040622906587;0.37666128251674214;0.42120404326655125;0.027623833992302005;-0.0028882834476218135;0.45152200568846856;76.971;0.531548053644573;0.894999999999996;-0.165636363636364;77.882;4
140;0.8600557788373061;0.03329310315682277;0.8302586692279668;0.8911437865672868;0.05627348118409248;0.001309508037649957;0.833210864065482;91.949;0.5734195671582881;0.8999999999999915;0.1707272727272725;91.00999999999999;4
141;0.319927811915249;0.039828763334010586;0.280527780641171;0.35627988727354687;0.06972377694768483;-0.0005903626749014206;0.3320302467507281;83.538;1.8041421476393942;2.719999999999999;0.5956363636363634;80.262;2
142;0.7957108183728161;0.05393202635235183;0.7468641594150098;0.8490784647751638;0.09317269047389343;-0.004052632553127023;0.87878978571192;93.009;0.1541608106995955;0.28000000000000114;0.012909090909091486;92.93799999999999;2
143;0.3160315575539129;0.04117222541429534;0.27177331010781697;0.355328867022271;0.07375877727090868;-0.0020327107066624205;0.3577021270404925;85.922;1.8028360374082217;2.740000000000009;0.5951515151515153;82.64866666666666;2
144;0.7567808691620143;0.015599064301762564;0.7468641594150098;0.7660517338455934;0.015221279334829974;-0.00035568630077571854;0.7640724383279165;92.713;0.4909865352306299;0.8375000000000057;-0.15327272727272748;93.556;2
145;0.30918809261320257;0.04129708123189298;0.26617856974381465;0.34505170705798294;0.06224076584800797;0.0005539875511488281;0.2978313478146516;87.574;1.5960520737814994;2.382499999999993;0.5250909090909093;84.68599999999999;2
146;0.75433616199551;0.009605596299104985;0.7472333783096858;0.7619934940289932;0.00968587593726744;0.0005064200904085556;0.7439545501421346;92.28399999999999;0.5499131244518958;0.8449999999999989;-0.17890909090909157;93.268;2
147;0.310539342440671;0.03219496777572846;0.2794939015547934;0.34422460378888076;0.058814103124088246;-0.0009827742642676209;0.33068621485815725;97.458;1.3303449844975472;1.897500000000008;0.43890909090909114;95.044;4
148;0.6612549842390765;0.034803689838510385;0.6383771648769726;0.6907754316793844;0.04612500162001265;0.0012468617378725729;0.6356943186126888;88.03399999999999;0.5811712312219197;0.8924999999999983;-0.19018181818181876;89.08000000000001;2
149;0.310108777882413;0.02779991852343798;0.2819556869028005;0.3386857287122243;0.04769466147994522;-0.0003756770877874388;0.3178101581820555;98.364;1.325369550142317;1.8674999999999926;0.4373333333333338;95.95866666666666;2
150;0.6664671411023863;0.03531088172202069;0.6365319344103657;0.7036908929366007;0.05535007394457969;-5.150809613118514e-07;0.6664777002620932;87.642;0.6597272163553665;1.0324999999999847;-0.21745454545454562;88.83800000000001;2
151;0.29623609264465134;0.03096104563415726;0.27423500809806434;0.3191602647988413;0.03804397676982452;0.0012598527137681495;0.27040911201240425;102.242;1.1132215512745984;1.740000000000009;-0.3673939393939395;104.26266666666668;2
152;0.3576107116679794;0.07367172648796311;0.2867154638492365;0.4081182076467479;0.05212192863592058;-0.004319531215969012;0.44616110159534417;79.794;0.7535132528510842;0.9949999999999903;-0.236121212121212;81.09266666666666;1
153;0.3041176025449063;0.024073951339447747;0.2935366614310249;0.3191602647988413;0.017203745813379356;-0.0011453629327625153;0.32759754266653784;100.839;1.006870288457146;1.4424999999999955;-0.3323030303030301;102.66666666666666;2
154;0.26726440335292223;0.11972292233482368;0.16160872301238832;0.3819183542398972;0.19780103076008115;-0.007907637065292981;0.4293709631914283;79.094;0.3082639561587878;0.3824999999999932;-0.09006060606060631;79.58933333333333;2
155;0.22577125982119614;0.05220008151482798;0.1925155802564475;0.2846971044396961;0.054087720731219396;-0.001832689996153537;0.26334140474234363;98.705;0.8376587743360797;1.2575000000000074;-0.2761818181818184;100.224;4
156;0.17147917239671154;0.03859883233277414;0.15275207757628817;0.16640540061834083;0.012915461257216265;-0.0018349792342672157;0.20909624669918947;79.857;0.8911172762324822;1.4074999999999989;0.2924242424242421;78.24866666666667;2
157;0.21960483935781566;0.05863990098633175;0.16619730798327623;0.2883895422278675;0.10403752277853578;-0.0018738200535765638;0.25801815045613524;94.92699999999999;0.7042734633017994;1.0775000000000006;-0.23096969696969688;96.19733333333332;4
158;0.2646065025149797;0.08859603870697365;0.20625800106272826;0.3081027995259483;0.07149476051892248;0.0009444957050339451;0.24524434056178376;81.687;0.6921632755354771;0.9924999999999926;-0.2194545454545456;82.894;2
159;0.19630415525919923;0.04410869610106964;0.16110618510410427;0.2408537735931469;0.06827232776980882;0.0005549524200634951;0.18492763064789758;93.943;0.8132793697944958;1.210000000000008;-0.2685454545454543;95.42;4
160;0.2549662749355954;0.09145630510258207;0.2003539547750053;0.3081027995259483;0.08625451623540722;-0.0035543470405648516;0.32783038926717495;81.096;0.23205363364724102;0.22749999999999204;-0.07078787878787797;81.48533333333333;2
161;0.19897561561013283;0.04355630369601699;0.1600432595626172;0.2408537735931469;0.06680373463158615;-0.0010101153787199645;0.2196829808738921;93.424;0.7813122864059467;1.1850000000000023;-0.25781818181818167;94.84200000000001;1
162;0.22401607628603804;0.04832712474241003;0.2003539547750053;0.2346708638195723;0.03136488590070538;-0.00016287635387369129;0.22735504154044872;80.982;0.10726913193769261;0.1075000000000017;-0.030545454545453463;81.14999999999999;2
163;0.25775161437139976;0.040142110390561404;0.22186866110255982;0.3023762184223538;0.07398978394678865;-0.002075363337722276;0.3002965627947064;89.619;0.10867382389517978;0.18999999999999773;0.030606060606061535;89.45066666666666;2
164;0.19186660023414578;0.07202692781358637;0.13946768542665372;0.25496638293644225;0.09824729025875559;-0.0029845722620859346;0.25305033160690743;82.029;0.7402469557894579;1.204999999999984;0.24357575757575844;80.68933333333332;2
165;0.22539638037490456;0.05185979613403036;0.1992619579669403;0.26270994253606567;0.05331842645961704;0.003185642132161723;0.16009071666558924;89.146;0.4183618848158462;0.6350000000000051;-0.13806060606060633;89.90533333333332;4
166;0.19246611293432533;0.03912762735207531;0.16751219329559539;0.22101725277526169;0.048892343315971615;0.0009109053478769144;0.1737925533028486;83.587;0.1493727626517711;0.19250000000000966;0.03145454545454553;83.41400000000002;2
167;0.28434581704839096;0.04753311635635591;0.24021916314760494;0.3183211498377766;0.06356964116926617;0.0022697651250102487;0.23781563198568087;86.705;0.5762763611709611;0.7950000000000017;-0.1899999999999999;87.75000000000001;2
168;0.3533058339177379;0.1690365292550696;0.22950525532120172;0.4922353151248707;0.2223247830262989;-0.0022694124038255157;0.39982878819616097;81.906;0.4117226682556533;0.6025000000000063;-0.13466666666666632;82.64666666666666;2
169;0.20748413583083347;0.04591138629649234;0.15705885641703898;0.2571901988087897;0.09047692313740141;0.001580531658801228;0.17508323682540824;85.08500000000001;0.1062753237795332;0.125;-0.025272727272727027;85.224;1
170;0.5630846265834724;0.14691221311534036;0.3929741849176097;0.6523841546917728;0.21448392155394502;0.006581500949811723;0.42816385711233207;81.931;0.06740425308045025;0.11499999999999488;0.011333333333333879;81.86866666666667;2
171;0.26710410336868995;0.013782275953015736;0.26231827402032637;0.27887850981639145;0.01559505266799327;0.0006633259901132589;0.2535059205713681;84.603;0.31993228450199884;0.4350000000000023;-0.10478787878787944;85.17933333333333;4
172;0.550538492221779;0.059035927361615524;0.517696730742369;0.6158525082836649;0.08994454516523409;-0.004193352050364128;0.6365022092542436;81.33500000000001;0.4951599068314528;0.852499999999992;-0.1613939393939392;82.22266666666665;2
173;0.1937542095520469;0.0702275170324314;0.11679627646284937;0.2476042571183471;0.09520336012887018;-0.005145156050575285;0.29922990858884024;83.776;0.4335179094083402;0.6624999999999943;0.1393939393939394;83.00933333333333;1
174;0.5857783765024718;0.06771082692656838;0.5324568464616762;0.6232325661433186;0.08441058177896121;0.0021416742166170412;0.5418740550618224;79.109;0.6823562119597083;0.9825000000000159;-0.22442424242424303;80.34333333333333;2
175;0.5505650427080642;0.006547086889937097;0.545602965207964;0.5542256182332854;0.005693773431640126;-0.00020664587663159797;0.5548012831790119;79.50200000000001;0.22404364654137182;0.29749999999999943;0.07199999999999972;79.106;4
176;0.7047008716831176;0.02993841970121151;0.6707047025529271;0.7332646504885962;0.054259759596895885;-0.0022135458800174174;0.7500785622234746;80.335;0.0527573059711478;0.08749999999999147;0.011090909090908737;80.27400000000002;4
177;0.665511567315151;0.005418139245894096;0.6600649944721197;0.6699662142137396;0.006602531228014019;-0.00033439304056405835;0.6723666246467143;83.288;0.9660434772824669;1.417500000000004;-0.31903030303030305;85.04266666666666;1
178;0.46285540038373435;0.07756455909339828;0.4198003590919686;0.5470234552980038;0.035791542475930915;0.005205516552097959;0.35614231106572625;84.752;0.23948092014002254;0.3200000000000216;0.07454545454545522;84.34199999999998;4
179;0.6531066480628716;0.009213169481081227;0.6448823326397997;0.6567070888347646;0.007201049175155072;0.00015866324778349123;0.6498540514833101;76.6;0.6960523607379625;1.0100000000000193;-0.22981818181818225;77.86399999999999;4
180;0.5787131506856376;0.011023317811023697;0.5775591251259558;0.5841590792535687;0.0032986885136058186;-0.0004371400511771523;0.5876745217347692;69.194;0.12420413304986017;0.15749999999999886;-0.03903030303030397;69.40866666666668;4
181;0.4607981635119627;0.004688437417156736;0.4564056380106534;0.46616666465548073;0.007524323177690806;0.0003780275817095178;0.45304859808691755;76.95;1.0299838186431212;1.6400000000000006;-0.33066666666666644;78.76866666666666;4
182;0.5827587045053395;0.01698020652563908;0.5662849536055535;0.5981712798161971;0.028235433327088222;0.0013301194644994557;0.5554912554831006;71.094;0.6651182016921671;0.9249999999999972;-0.21878787878787875;72.29733333333334;4
183;0.5123764602495149;0.012939335196800359;0.5009903796842021;0.5247517608038491;0.023101127996845605;0.0007646960395415979;0.49670019143891214;70.855;0.6501153743759628;0.917500000000004;-0.2070909090909086;71.994;4
184;0.48554716749855675;0.004792532852819146;0.48162209984331805;0.4907328994675862;0.007727717593918715;0.00039504433632042176;0.4774487586039881;78.44800000000001;0.9030540773766907;1.414999999999992;0.29672727272727273;76.81599999999999;4
185;0.6047670367704338;0.022744919512432387;0.5937749203750999;0.6244483843294253;0.02937241773737098;-5.223991750782734e-05;0.6058379550793442;69.124;0.7089303366496751;0.9375;0.21757575757575753;67.92733333333332;2
186;0.5461224947362724;0.010436061414302653;0.5379542461594762;0.5551156731515103;0.014025224658727353;0.00012971083013969085;0.5434634227184088;67.27;0.17236911298463814;0.2150000000000034;0.0013333333333334987;67.26266666666668;4
187;0.5290055203880277;0.011088874269920739;0.5174138010970915;0.5401901650463917;0.019319135206954163;0.0008923415436245522;0.5107125187437244;82.838;0.26540535036053836;0.2424999999999926;0.07903030303030265;82.40333333333334;4
188;0.6404796919527083;0.010016914490934751;0.6296213305986412;0.6501378718704702;0.01661271237415307;-0.0005519526168411083;0.651794720597951;79.673;2.24919763471332;3.3175000000000097;0.7426060606060602;75.58866666666668;4
189;0.5306935879164916;0.004241253468169786;0.5280530264178562;0.5320140297345843;0.0033012656140070096;-1.053347482017407e-05;0.5309095241503051;67.342;0.045655716448705246;0.07000000000000739;-0.002545454545454556;67.356;4
190;0.5604044579737281;0.01876995786214329;0.5564593049214146;0.5675219288078261;0.008133871315004537;-0.0013714136165048911;0.5885184371120783;93.27;0.93453494078903;1.4300000000000068;0.30848484848484853;91.57333333333332;2
191;0.5776377584727796;0.03407112886774748;0.5435955942532023;0.6093576168735764;0.06070873556644618;-0.002138930458586404;0.6214858328738009;98.668;0.05116422361160065;0.060000000000016485;0.008121212121212572;98.62333333333332;4
192;0.556518131189873;0.03465195703859823;0.5339932428427479;0.568317643087057;0.027227710014354423;-0.0010046436689933767;0.5771133264042373;70.181;0.3773136037244822;0.5224999999999937;0.12442424242424245;69.49666666666668;4
193;0.46866820956388816;0.007575843626417035;0.46209941144229355;0.4775548466301309;0.013422126136928725;0.0006264127273430152;0.45582674865335643;101.472;1.4419184751187897;2.1300000000000097;0.4758787878787887;98.85466666666666;2
194;0.5907934633626852;0.021655174729700792;0.5797772277715875;0.6054985849940343;0.02229768372891061;-0.0006997351994183351;0.6051380349507611;94.72200000000001;1.667318539185335;2.5575000000000045;-0.5486060606060614;97.73933333333335;4
195;0.42937359709096906;0.015762374383402552;0.41914218636043843;0.4330044094187865;0.01072653614512159;-0.00036098963537118994;0.4367738846160784;72.149;0.042804464979980965;0.04250000000001819;6.060606060540261e-05;72.14866666666668;4
196;0.48337124418952493;0.004491629159472704;0.47999557962486517;0.48568935305650524;0.004270647629415092;-4.9753945522441704e-05;0.48439120007273495;106.343;1.102512786521974;1.7750000000000057;0.36309090909090963;104.346;4
197;0.5820828296175047;0.01990992579958199;0.5647183694398153;0.6000409809393273;0.03145686450455065;0.0001693987410053542;0.5786101554268948;87.022;1.5235470309627972;2.2724999999999937;-0.5003636363636361;89.774;2
198;0.4791258088873884;0.01892028069277458;0.468648285068538;0.4864694497632933;0.01650117386923272;-0.00039474046396578065;0.4872179883986869;76.34;1.9634606636695786;2.924999999999997;0.6472727272727277;72.78;4
199;0.3668249258348698;0.0730857467706689;0.30087499293438613;0.4513624726663945;0.13625218875255868;-0.005848483701572435;0.4867188417171047;108.536;0.3634770358022035;0.5174999999999983;0.1184242424242428;107.88466666666665;2
200;0.5598672458166113;0.012827018796924883;0.548497372131778;0.5701254079851694;0.020844763491860152;-0.0008656975251145956;0.5776140450814605;83.403;1.0183434260274542;1.5149999999999864;-0.336060606060606;85.25133333333332;2
201;0.4915018825718431;0.011967128815160098;0.48184819332376366;0.5016506328070035;0.016501173869232777;0.0002814188803084779;0.48573279552551935;83.179;2.5628085722070173;3.8474999999999966;0.8463636363636359;78.524;4
202;0.32853196547280555;0.036832205321926985;0.30087499293438613;0.3443126729487651;0.03477472917263402;-0.0011887329465134898;0.35290099087633203;108.814;0.22401388845833306;0.292500000000004;0.07018181818181818;108.42800000000001;2
203;0.5484846765207616;0.018703626282287607;0.5363188940273929;0.5685589027047814;0.02204510269886495;-0.0011405965600992311;0.5718669060027959;82.46600000000001;0.8944172528648033;1.352499999999992;-0.29454545454545444;84.08600000000001;2
204;0.4895217674785392;0.014460993656952222;0.48316921498944676;0.5016506328070035;0.011551208273523073;-0.0010944374864076682;0.5119577359498964;85.741;2.6186699338065154;3.902499999999989;0.8649090909090908;80.984;4
205;0.3289590143579628;0.010931247761668497;0.3195841036704992;0.3368294097211417;0.014438939440225507;-0.0005539291229843254;0.34031456137914146;106.761;1.1858278870804906;1.6825000000000045;-0.3902424242424246;108.90733333333334;2
206;0.5646615719878122;0.012088185536352969;0.5561278337096822;0.5753303817064873;0.016739126147535366;0.0004077019852079233;0.5563036812910498;78.833;0.9502286274599641;1.4300000000000068;-0.31363636363636416;80.558;2
207;0.41113893663683243;0.021110994460317913;0.3960410583635927;0.4297036592248597;0.020625178786340348;0.0004690373498677644;0.40152367096454333;96.767;1.9705839518049233;2.859999999999985;0.6499999999999998;93.192;4
208;0.32800318762396585;0.010977955054029457;0.31877052600558775;0.3368294097211417;0.01586222402029308;-0.00030904811198721136;0.3343386739197037;105.497;1.390236190964207;2.0874999999999915;-0.4580000000000001;108.016;2
209;0.5534685000936763;0.028317774617662807;0.5353081754804611;0.5746735033970003;0.01951850354491047;-0.0018671870781060615;0.5917458351948506;77.828;1.0484358720388072;1.5500000000000114;-0.34569696969696917;79.72933333333333;2
210;0.41130393549002275;0.02685023087725708;0.3960410583635927;0.43630361335247253;0.03382766414196725;0.0004907007072651393;0.40124457099108735;98.678;1.8548842431687096;2.714999999999989;0.6126060606060607;95.30866666666667;4
211;0.2295764219984796;0.04369428487620151;0.19154793788864855;0.2589011176054778;0.06141479314105125;-0.0022814663071434264;0.2763464812949199;98.365;1.406455355376298;2.0;-0.4622424242424245;100.90733333333334;4
212;0.5681167651090097;0.024983038492572676;0.5454652953763325;0.585386410026328;0.026024474179838886;0.0007727388547663903;0.5522756185862987;73.55;0.5766184950978324;0.8900000000000006;-0.1861818181818182;74.57399999999998;2
213;0.38135332561921276;0.023324413461647608;0.3722771001435444;0.39340004587238714;0.01650117386923272;0.0007628620917325998;0.36571465273869447;104.712;0.6367068050174681;0.9474999999999909;0.20860606060605977;103.56466666666668;4
214;0.18327067430409266;0.041825406003411;0.1763550577411503;0.2054760572540198;0.021962627506546317;0.0018421527422325756;0.14550654308832486;93.345;1.1128866369341806;1.6550000000000011;-0.3666060606060612;95.36133333333333;4
215;0.6062944691508978;0.01837155413652052;0.5937749203750999;0.6271266997327758;0.025392996953053415;-0.00026039151221014486;0.6116324951512058;73.31;0.12970050972229366;0.19499999999999318;0.0392727272727279;73.094;2
216;0.4211226235912925;0.04163731355430802;0.3960410583635927;0.47260722670494515;0.07343189883334666;7.614509721226448e-05;0.41956164909844107;106.086;0.14112248423109755;0.15749999999999886;0.0042424242424246045;106.06266666666664;4
217;0.16222122580305076;0.05442558121428426;0.11339430825892477;0.2154001804986514;0.09151240340749954;-0.0021704344811538274;0.2067151326667042;87.012;1.3785725306353047;2.075000000000003;-0.455272727272728;89.516;4
218;0.5574037598729946;0.028653729692472117;0.5321245599676571;0.5862960764399041;0.049901393312494546;0.00046223864302101704;0.5479278676910637;73.278;0.1402220461347725;0.19250000000000966;0.04593939393939393;73.02533333333334;4
219;0.34521471111993046;0.07417062833912455;0.3003301265614007;0.3650179237332908;0.04620418881899219;-0.004719539215995484;0.44196526504783795;102.406;1.293317869323358;1.8974999999999937;-0.4267878787878787;104.75333333333333;4
220;0.16307532357336527;0.038650998009516546;0.11599724869754544;0.18969519100021787;0.061008163086437917;0.0026755943195548504;0.10822564002249085;84.75999999999999;1.3392203370286417;1.9950000000000045;-0.44230303030303;87.19266666666667;4
221;0.568653673592143;0.016865236763757882;0.5533990316823287;0.5853358839596501;0.028108970250362297;0.000679898142436861;0.5547157616721874;73.539;0.1862167196217011;0.2524999999999977;0.06090909090909141;73.20400000000001;2
222;0.3415842209296632;0.061865456876502536;0.3003301265614007;0.37161633160066276;0.06188004628472327;0.003375856956596539;0.27237915331943413;100.095;1.5121232313097586;2.2324999999999875;-0.499090909090909;102.84;4
223;0.2216841311708215;0.018959166244544478;0.210682319198083;0.23199424335054283;0.017692138654973877;-0.00010599687038327077;0.22385706701367858;81.241;0.1926683967627047;0.1700000000000017;0.05630303030303026;80.93133333333333;4
224;0.532415168666739;0.02144018857116144;0.5127199865894905;0.5514787256071706;0.03644705313914398;0.0009881426290788819;0.5121582447706219;74.506;0.6327927517494706;0.6624999999999943;0.17600000000000005;73.538;4
225;0.3465347663729631;0.07712119037479148;0.27392773295054795;0.43696335105519374;0.1493403911522989;-0.0031647182151762696;0.4114114897840766;92.983;1.2675965884740725;1.8875000000000028;-0.4179999999999995;95.282;4
226;0.21009247539102224;0.02804154406077686;0.179608733289426;0.23199424335054283;0.049416586695560094;-0.0017907254033660536;0.24680234616002633;81.646;0.5694090503905488;0.6800000000000068;0.17151515151515168;80.70266666666666;4
227;0.5375063601313441;0.02245844769455215;0.5127199865894905;0.5531462830209145;0.030825190064390107;0.0011554328520001125;0.5138199866653418;75.264;1.125987961253979;1.8850000000000051;0.36606060606060653;73.25066666666666;2
228;0.30552833135326113;0.07730893838565686;0.24554509539137132;0.36039718271384136;0.08663373991387335;-0.005557622178408079;0.41945958601062683;91.655;1.4153071908403658;2.230000000000004;-0.4661212121212125;94.21866666666666;4
229;0.18221170548361515;0.014586272352992312;0.16805783578179362;0.19782969742659234;0.02623406902517389;-0.0009787268779349815;0.20227560648128226;85.086;0.9431766654356043;1.4424999999999955;0.3113939393939401;83.37333333333335;2
230;0.47996522142131676;0.019233878485365362;0.46339972192914114;0.49654931813475583;0.02464713596876139;9.261376894573497e-05;0.47806663915792924;79.212;0.43842647933008877;0.5974999999999966;0.13806060606060583;78.45266666666667;1
231;0.21575929109122158;0.023618656527444982;0.1940602989951885;0.23762411959807533;0.035477652673870486;-0.0008275608500425946;0.23272428851709479;90.491;0.7324608446114292;1.230000000000004;0.23751515151515132;89.18466666666667;4
232;0.18550612342627348;0.015584895982331141;0.16805783578179362;0.2010833729748681;0.027860589243626777;0.0013068494815401776;0.1587157090546998;87.172;0.8933557211125053;1.2399999999999949;0.29418181818181816;85.554;4
233;0.49656757023261316;0.022722082849806556;0.48357461075010105;0.515663041227456;0.025140120102945307;0.0009548401166563365;0.47699334784115827;80.452;0.8894917400153591;1.28749999999998;0.28230303030302967;78.89933333333335;1
234;0.2058583934871518;0.028749186077680434;0.18481933237636994;0.23102416547046256;0.03135364775676294;-0.00010680751514775363;0.2080479475476808;91.662;0.297650055527552;0.43499999999998806;0.017333333333333416;91.56666666666668;4
235;0.19069172837302892;0.02064860422846496;0.1706606491981402;0.21003145706615395;0.03518151800508984;-0.0014447434203746009;0.22030896849070822;92.72;1.1371797473476974;1.6899999999999977;0.3743030303030296;90.66133333333333;2
236;0.4537347726622819;0.024053848163970656;0.43996450159249795;0.47442805163046153;0.026719503416721746;0.0010783071041086262;0.4316294770280551;89.0;1.506423284177166;2.187500000000014;0.4969696969696979;86.26666666666667;2
237;0.22293761097638598;0.05196261377699072;0.1676579053843358;0.27392773295054795;0.0998349367192996;-0.0002161075167061017;0.22736781506886103;88.734;0.988963542750128;1.5574999999999903;-0.3260606060606053;90.52733333333332;4
238;0.18601445068900063;0.020607866060254745;0.16447872916755324;0.20905516386826017;0.0392486124404344;-0.0014319204860678662;0.21536882065339188;93.1;1.2056625656551752;1.795000000000016;0.397333333333333;90.91466666666666;2
239;0.45691835366274536;0.02550688600964947;0.43996450159249795;0.48311971837930046;0.028298590910435517;0.0014311370947646719;0.42758004322006965;89.495;1.4534652080841548;2.1350000000000193;0.4796969696969702;86.85666666666667;2
240;0.21889459143938783;0.04532192382715255;0.1676579053843358;0.266006757157252;0.08993371697767966;0.0016603728443455677;0.18485694813030368;88.431;0.9881121168954226;1.5999999999999943;-0.3257575757575754;90.22266666666667;2
241;0.17403648841842667;0.025201586048331906;0.1584588895585786;0.18741780864983584;0.025826645081348187;-0.0015371449156526872;0.20554795918930677;93.917;1.298324133471901;1.9450000000000074;0.42842424242424326;91.56066666666666;4
242;0.45717733426680995;0.025620697796025542;0.4371346474317888;0.48311971837930046;0.032278011694753084;0.0007447456372044631;0.4419100487041185;90.44200000000001;1.3871858002605306;2.030000000000001;0.4580606060606066;87.92266666666667;1
243;0.22541265820175083;0.04855751576925176;0.1676579053843358;0.27392773295054795;0.0998349367192996;0.0026297162816982327;0.17150347442693706;87.818;0.9405412153530426;1.384999999999991;-0.30945454545454565;89.51999999999998;4
244;0.21999621156067828;0.006748032767897281;0.2137732792133765;0.2238602450132644;0.0075243231776908615;-0.0001445278141251273;0.22295903175024342;96.577;0.566216487848164;1.0424999999999898;-0.18151515151515127;97.57533333333333;4
245;0.4174963071795529;0.020885941056155464;0.39539435772534093;0.4324351315906245;0.028361551280407793;0.00042196931837192996;0.40884593615292836;97.016;1.0694048188907068;1.6950000000000074;0.34957575757575743;95.09333333333332;1
246;0.21658428535717317;0.01885821024335936;0.21056147286442123;0.22772289985645552;0.014025224658727548;-0.0006281708821026424;0.22946178844027734;82.796;0.9711184845893478;1.5024999999999977;-0.3189090909090909;84.55;4
247;0.23896519399159247;0.04623338862926358;0.21528801983071746;0.2453851855192068;0.023840334271816227;0.0016268262158258984;0.2056152565671615;95.83;0.3767993866472925;0.22749999999999204;-0.11733333333333264;96.47533333333334;4
248;0.4091457061717925;0.026987736186603998;0.3828621577115359;0.43334467967617557;0.04611129736818753;-0.0009821955173029862;0.4292807142765037;97.95400000000001;0.31351767626935134;0.2749999999999915;0.04157575757575809;97.72533333333334;1
249;0.20057772148245118;0.02522874487124493;0.17755706344563477;0.2250818873652498;0.04290614458048664;-0.0008994024796898727;0.21901547231609358;81.479;0.6358275447530308;0.8375000000000057;-0.20915151515151545;82.62933333333334;2
250;0.2507259322958578;0.013159729404725214;0.24002903729183436;0.26296849784093895;0.018709110736113033;0.0011176091716020645;0.2278149442780155;90.024;1.99433753969137;3.0449999999999875;-0.6583030303030308;93.64466666666667;2
251;0.3467859347420942;0.023055436702383376;0.32064488773628624;0.36755201009732485;0.034914014968495166;0.00039911561826513436;0.3386040645676589;99.854;0.9548728827557227;1.482500000000016;0.31393939393939435;98.12733333333333;1
252;0.210973808928622;0.02180740846319007;0.19801924063159565;0.22112294572884258;0.02062775588674165;0.00022382624668839602;0.20638537087150988;76.986;1.0909649143966298;1.7150000000000034;-0.36000000000000026;78.96600000000001;2
253;0.2776916654970033;0.004233621245192319;0.2740313757718985;0.2807014424014323;0.005897644181395434;0.00019504633602755332;0.27369321560843846;84.179;2.001873844399014;2.947500000000005;-0.660909090909091;87.81400000000001;4
254;0.3203417313362192;0.028686641535960837;0.29376139153757397;0.35066155226647466;0.05179621941960105;-0.0020719016654891535;0.3628157154787469;101.603;0.17172652678022726;0.22750000000000625;0.001878787878788237;101.59266666666666;2
255;0.22219495506825446;0.04450129264939508;0.1940602989951885;0.26798751652565633;0.05528009215711033;-0.0013470569071007382;0.24980962166381956;73.888;0.9053765330881199;1.3325000000000102;-0.29793939393939345;75.52666666666667;4
256;0.27061474652387674;0.00827260460658943;0.2634562633730639;0.27777307089684716;0.013218731720700816;-0.00042671577937213365;0.2793624200010055;79.972;1.5372110387899827;2.112499999999997;-0.5049696969696971;82.74933333333334;4
257;0.3126480875232958;0.022768258126782705;0.29376139153757397;0.3242832772918659;0.022171368562215965;0.0007073212542422853;0.29814800181132894;101.235;0.21019831905449052;0.3375000000000057;-0.06806060606060617;101.60933333333332;2
258;0.14546237046849103;0.057145837878279426;0.10429061445804866;0.1709581401581824;0.038778918287877495;-0.00309259252427463;0.20886051721612095;72.956;0.324968374529649;0.4700000000000131;0.06412121212121143;72.60333333333332;4
259;0.28147418240525574;0.024390765864803723;0.26361885188377215;0.29452972225944685;0.029284350157221806;0.0012531295455333324;0.2557850267218224;77.55799999999999;1.4312449902872049;2.134999999999991;-0.4726060606060605;80.15733333333334;2
260;0.3147257994537189;0.02953136477761789;0.2986630116454497;0.34586098429195467;0.037773411692781034;-0.0015472939781154954;0.3464453260050866;101.03999999999999;0.05011098792791106;0.045000000000001705;-0.007878787878788207;101.08333333333333;2
261;0.17293748212136592;0.10804663664226447;0.07524823919615074;0.30429112987812884;0.1608922437009224;0.004827885255247701;0.07396583438878805;73.782;0.7880186123013425;1.1825000000000045;0.25963636363636355;72.35400000000001;2
262;0.30197298934854727;0.008478739750287225;0.29274048650801165;0.3101478729802665;0.013218731720700871;0.0006849438405035122;0.2879316406182253;72.956;1.5925883893140034;2.6499999999999915;-0.5206060606060599;75.81933333333333;2
263;0.2825572855551063;0.01778826374058162;0.26584986145760403;0.30137457722382727;0.031899115498013164;-0.00037916265680012736;0.2903301200195089;100.418;0.632697926870845;1.3024999999999807;-0.19878787878787835;101.51133333333333;1
264;0.20371302183061746;0.06947759561629632;0.12475227622392938;0.264026513208928;0.12376073684454678;-0.0002937988741591182;0.20973589875087936;75.824;0.5497110352014243;0.7600000000000051;0.18121212121212102;74.82733333333333;2
265;0.30280679531059174;0.01837096244262419;0.28769694009693075;0.3221869170868458;0.02826706052039757;0.0005476679138867776;0.29157960307591285;70.94;0.3085089589911078;0.4399999999999977;-0.010787878787879313;70.99933333333335;2
266;0.228354288897873;0.020973358330384526;0.2070799207202232;0.2402295958111878;0.02596131659649159;0.001646922142102079;0.19459238498478038;100.862;0.18896207732417156;0.2600000000000051;-0.04472727272727201;101.10799999999999;1
267;0.23028099414225073;0.02050163922458099;0.21122172598722264;0.24488432684848968;0.030528331353261273;-0.0008709069051780662;0.24813458569840108;84.426;1.9905956674099097;2.9424999999999955;0.6559999999999995;80.81800000000001;2
